{"cameraMode":{"drawMode":0,"name":"Shaded","section":"Shading Mode"},"sceneLighting":false,"audioPlay":false,"sceneViewState":{"showFog":true,"showMaterialUpdate":false,"showSkybox":false,"showFlares":true,"showImageEffects":true,"showParticleSystems":true},"in2DMode":false,"pivot":{"x":3.1366233825683595,"y":-3.830096960067749,"z":3.4915661811828615},"rotation":{"x":-0.36196044087409975,"y":-0.32056549191474917,"z":0.13414056599140168,"w":-0.8650028705596924},"size":12.906371116638184,"orthographic":false}